Timestamp,Episode_ID,Task_Type,Bundle,Agent_Action,Reward
2026-04-08 05:14:03,41df4b9e-146a-455e-a619-fe1086114f52,Task 1,School Zone,"{""metadata"":{""episode_id"":""41df4b9e-146a-455e-a619-fe1086114f52""},""task1_label"":""bus""}",1.000
2026-04-08 05:14:03,41df4b9e-146a-455e-a619-fe1086114f52,Task 2,School Zone,"{""metadata"":{""episode_id"":""41df4b9e-146a-455e-a619-fe1086114f52""},""ranked_objects"":[""student"",""bicycle"",""backpack""]}",0.000
2026-04-08 05:14:03,41df4b9e-146a-455e-a619-fe1086114f52,Task 3,School Zone,"{""metadata"":{""episode_id"":""41df4b9e-146a-455e-a619-fe1086114f52""},""decision"":""log_and_continue"",""reasoning"":""confidence of 0.38 is just above the threshold, so proceed with caution.""}",0.500
2026-04-08 05:14:06,6d1b867b-0ebc-449e-93a9-d310e075ef00,Task 1,Urban Street,"{""metadata"":{""episode_id"":""6d1b867b-0ebc-449e-93a9-d310e075ef00""},""task1_label"":""person""}",1.000
2026-04-08 05:14:07,6d1b867b-0ebc-449e-93a9-d310e075ef00,Task 2,Urban Street,"{""metadata"":{""episode_id"":""6d1b867b-0ebc-449e-93a9-d310e075ef00""},""ranked_objects"":[""person"",""car"",""bicycle"",""traffic light""]}",0.330
2026-04-08 05:14:07,6d1b867b-0ebc-449e-93a9-d310e075ef00,Task 3,Urban Street,"{""metadata"":{""episode_id"":""6d1b867b-0ebc-449e-93a9-d310e075ef00""},""decision"":""log_and_continue"",""reasoning"":""confidence is 0.240, which is below the threshold, but proceeding with caution to ensure safe navigation.""}",0.000
2026-04-08 05:14:10,42277a98-224a-4d55-b637-c10c31d936df,Task 1,Office Lobby,"{""metadata"":{""episode_id"":""42277a98-224a-4d55-b637-c10c31d936df""},""task1_label"":""laptop""}",1.000
2026-04-08 05:14:10,42277a98-224a-4d55-b637-c10c31d936df,Task 2,Office Lobby,"{""metadata"":{""episode_id"":""42277a98-224a-4d55-b637-c10c31d936df""},""ranked_objects"":[""person"",""couch"",""reception desk"",""potted plant""]}",1.000
2026-04-08 05:14:11,42277a98-224a-4d55-b637-c10c31d936df,Task 3,Office Lobby,"{""metadata"":{""episode_id"":""42277a98-224a-4d55-b637-c10c31d936df""},""decision"":""log_and_continue"",""reasoning"":""confidence of 0.54 is above the threshold, so we'll record and proceed with caution.""}",1.000
2026-04-08 05:14:14,bc1aea3f-4ee6-4e69-92f4-00ab87da7ce4,Task 1,Airport,"{""metadata"":{""episode_id"":""bc1aea3f-4ee6-4e69-92f4-00ab87da7ce4""},""task1_label"":""airplane""}",1.000
2026-04-08 05:14:14,bc1aea3f-4ee6-4e69-92f4-00ab87da7ce4,Task 2,Airport,"{""metadata"":{""episode_id"":""bc1aea3f-4ee6-4e69-92f4-00ab87da7ce4""},""ranked_objects"":[""airplane"",""suitcase"",""boarding gate"",""trolley""]}",1.000
2026-04-08 05:14:14,bc1aea3f-4ee6-4e69-92f4-00ab87da7ce4,Task 3,Airport,"{""metadata"":{""episode_id"":""bc1aea3f-4ee6-4e69-92f4-00ab87da7ce4""},""decision"":""discard"",""reasoning"":""confidence of 0.190 is too low to trust; ignoring this detection entirely for safety.""}",1.000
2026-04-08 05:14:17,71dcadc5-23cf-493b-9b62-83eded45c062,Task 1,Office Lobby,"{""metadata"":{""episode_id"":""71dcadc5-23cf-493b-9b62-83eded45c062""},""task1_label"":""laptop""}",1.000
2026-04-08 05:14:18,71dcadc5-23cf-493b-9b62-83eded45c062,Task 2,Office Lobby,"{""metadata"":{""episode_id"":""71dcadc5-23cf-493b-9b62-83eded45c062""},""ranked_objects"":[""person"",""couch"",""reception desk"",""potted plant""]}",1.000
2026-04-08 05:14:18,71dcadc5-23cf-493b-9b62-83eded45c062,Task 3,Office Lobby,"{""metadata"":{""episode_id"":""71dcadc5-23cf-493b-9b62-83eded45c062""},""decision"":""log_and_continue"",""reasoning"":""confidence of 0.54 is above the threshold, so we can proceed with caution.""}",1.000
2026-04-08 05:14:21,7893f467-b624-479f-a322-c66e211aae3d,Task 1,Urban Street,"{""metadata"":{""episode_id"":""7893f467-b624-479f-a322-c66e211aae3d""},""task1_label"":""person""}",1.000
2026-04-08 05:14:21,7893f467-b624-479f-a322-c66e211aae3d,Task 2,Urban Street,"{""metadata"":{""episode_id"":""7893f467-b624-479f-a322-c66e211aae3d""},""ranked_objects"":[""person"",""car"",""bicycle""]}",0.000
2026-04-08 05:14:22,7893f467-b624-479f-a322-c66e211aae3d,Task 3,Urban Street,"{""metadata"":{""episode_id"":""7893f467-b624-479f-a322-c66e211aae3d""},""decision"":""log_and_continue"",""reasoning"":""confidence is 0.240, proceeding with caution due to low confidence.""}",0.000
2026-04-08 05:14:25,01253ae2-406d-45ad-b49f-82d44ee8463c,Task 1,School Zone,"{""metadata"":{""episode_id"":""01253ae2-406d-45ad-b49f-82d44ee8463c""},""task1_label"":""bus""}",1.000
2026-04-08 05:14:25,01253ae2-406d-45ad-b49f-82d44ee8463c,Task 2,School Zone,"{""metadata"":{""episode_id"":""01253ae2-406d-45ad-b49f-82d44ee8463c""},""ranked_objects"":[""student"",""bicycle"",""backpack""]}",0.000
2026-04-08 05:14:25,01253ae2-406d-45ad-b49f-82d44ee8463c,Task 3,School Zone,"{""metadata"":{""episode_id"":""01253ae2-406d-45ad-b49f-82d44ee8463c""},""decision"":""log_and_continue"",""reasoning"":""confidence is 0.38, proceeding with caution""}",0.500
2026-04-08 05:14:28,8686eaed-4e7d-4ac5-899e-c0ff350eea27,Task 1,Urban Street,"{""metadata"":{""episode_id"":""8686eaed-4e7d-4ac5-899e-c0ff350eea27""},""task1_label"":""person""}",1.000
2026-04-08 05:14:28,8686eaed-4e7d-4ac5-899e-c0ff350eea27,Task 2,Urban Street,"{""metadata"":{""episode_id"":""8686eaed-4e7d-4ac5-899e-c0ff350eea27""},""ranked_objects"":[""person"",""car"",""bicycle""]}",0.000
2026-04-08 05:14:28,8686eaed-4e7d-4ac5-899e-c0ff350eea27,Task 3,Urban Street,"{""metadata"":{""episode_id"":""8686eaed-4e7d-4ac5-899e-c0ff350eea27""},""decision"":""discard"",""reasoning"":""confidence is too low at 0.24, cannot trust the detection.""}",1.000
2026-04-08 05:14:32,e02d6eda-5358-40be-9432-2103416397c2,Task 1,Airport,"{""metadata"":{""episode_id"":""e02d6eda-5358-40be-9432-2103416397c2""},""task1_label"":""airplane""}",1.000
2026-04-08 05:14:32,e02d6eda-5358-40be-9432-2103416397c2,Task 2,Airport,"{""metadata"":{""episode_id"":""e02d6eda-5358-40be-9432-2103416397c2""},""ranked_objects"":[""airplane"",""suitcase"",""boarding gate"",""trolley""]}",1.000
2026-04-08 05:14:32,e02d6eda-5358-40be-9432-2103416397c2,Task 3,Airport,"{""metadata"":{""episode_id"":""e02d6eda-5358-40be-9432-2103416397c2""},""decision"":""discard"",""reasoning"":""confidence of 0.190 is too low to trust, prioritizing safety over potential false positives.""}",1.000
2026-04-08 05:14:35,2e06cf05-e652-4de4-bc17-c9d6cfe70ab5,Task 1,Airport,"{""metadata"":{""episode_id"":""2e06cf05-e652-4de4-bc17-c9d6cfe70ab5""},""task1_label"":""airplane""}",1.000
2026-04-08 05:14:35,2e06cf05-e652-4de4-bc17-c9d6cfe70ab5,Task 2,Airport,"{""metadata"":{""episode_id"":""2e06cf05-e652-4de4-bc17-c9d6cfe70ab5""},""ranked_objects"":[""airplane"",""suitcase"",""boarding gate"",""trolley""]}",1.000
2026-04-08 05:14:39,2e06cf05-e652-4de4-bc17-c9d6cfe70ab5,Task 3,Airport,"{""metadata"":{""episode_id"":""2e06cf05-e652-4de4-bc17-c9d6cfe70ab5""},""decision"":""discard"",""reasoning"":""confidence of 0.190 is too low to trust, prioritizing safety over potential false positives.""}",1.000
2026-04-08 05:37:54,3af09c8a-deae-4dc5-bf4d-4ad4f3ef7e74,Task 1,Office Lobby,"{""metadata"":{""episode_id"":""3af09c8a-deae-4dc5-bf4d-4ad4f3ef7e74""},""task1_label"":""laptop""}",1.000
2026-04-08 05:37:55,3af09c8a-deae-4dc5-bf4d-4ad4f3ef7e74,Task 2,Office Lobby,"{""metadata"":{""episode_id"":""3af09c8a-deae-4dc5-bf4d-4ad4f3ef7e74""},""ranked_objects"":[""person"",""couch"",""reception desk"",""potted plant""]}",1.000
2026-04-08 05:37:55,3af09c8a-deae-4dc5-bf4d-4ad4f3ef7e74,Task 3,Office Lobby,"{""metadata"":{""episode_id"":""3af09c8a-deae-4dc5-bf4d-4ad4f3ef7e74""},""decision"":""log_and_continue"",""reasoning"":""confidence of 0.54 is above the threshold, so proceeding with caution is acceptable.""}",1.000
2026-04-08 05:37:58,8202c003-22d0-48fb-95fa-b19b87aebbfa,Task 1,Hospital Entrance,"{""metadata"":{""episode_id"":""8202c003-22d0-48fb-95fa-b19b87aebbfa""},""task1_label"":""ambulance""}",1.000
2026-04-08 05:37:58,8202c003-22d0-48fb-95fa-b19b87aebbfa,Task 2,Hospital Entrance,"{""metadata"":{""episode_id"":""8202c003-22d0-48fb-95fa-b19b87aebbfa""},""ranked_objects"":[""person"",""ambulance"",""wheelchair"",""stretcher""]}",1.000
2026-04-08 05:37:58,8202c003-22d0-48fb-95fa-b19b87aebbfa,Task 3,Hospital Entrance,"{""metadata"":{""episode_id"":""8202c003-22d0-48fb-95fa-b19b87aebbfa""},""decision"":""log_and_continue"",""reasoning"":""confidence of 0.510 is above the threshold, so we can proceed with caution.""}",1.000
2026-04-08 05:38:01,fa46d5cc-8d1e-4c91-9c4e-c1eb40187555,Task 1,School Zone,"{""metadata"":{""episode_id"":""fa46d5cc-8d1e-4c91-9c4e-c1eb40187555""},""task1_label"":""bus""}",1.000
2026-04-08 05:38:02,fa46d5cc-8d1e-4c91-9c4e-c1eb40187555,Task 2,School Zone,"{""metadata"":{""episode_id"":""fa46d5cc-8d1e-4c91-9c4e-c1eb40187555""},""ranked_objects"":[""student"",""bicycle"",""backpack""]}",0.000
2026-04-08 05:38:02,fa46d5cc-8d1e-4c91-9c4e-c1eb40187555,Task 3,School Zone,"{""metadata"":{""episode_id"":""fa46d5cc-8d1e-4c91-9c4e-c1eb40187555""},""decision"":""log_and_continue"",""reasoning"":""confidence is 0.38, which is just above the threshold, so proceeding with caution is acceptable.""}",0.500
2026-04-08 05:38:05,58e9af35-d18c-4fd9-b532-b385d3bc1851,Task 1,Urban Street,"{""metadata"":{""episode_id"":""58e9af35-d18c-4fd9-b532-b385d3bc1851""},""task1_label"":""person""}",1.000
2026-04-08 05:38:05,58e9af35-d18c-4fd9-b532-b385d3bc1851,Task 2,Urban Street,"{""metadata"":{""episode_id"":""58e9af35-d18c-4fd9-b532-b385d3bc1851""},""ranked_objects"":[""person"",""car"",""bicycle"",""traffic light""]}",0.330
2026-04-08 05:38:05,58e9af35-d18c-4fd9-b532-b385d3bc1851,Task 3,Urban Street,"{""metadata"":{""episode_id"":""58e9af35-d18c-4fd9-b532-b385d3bc1851""},""decision"":""log_and_continue"",""reasoning"":""confidence is 0.240, which is below the threshold, but proceeding with caution to ensure safe navigation.""}",0.000
2026-04-08 05:38:08,5c89adea-1e84-424c-a974-7aea409e508c,Task 1,Hospital Entrance,"{""metadata"":{""episode_id"":""5c89adea-1e84-424c-a974-7aea409e508c""},""task1_label"":""ambulance""}",1.000
2026-04-08 05:38:09,5c89adea-1e84-424c-a974-7aea409e508c,Task 2,Hospital Entrance,"{""metadata"":{""episode_id"":""5c89adea-1e84-424c-a974-7aea409e508c""},""ranked_objects"":[""person"",""ambulance"",""wheelchair"",""stretcher""]}",1.000
2026-04-08 05:38:09,5c89adea-1e84-424c-a974-7aea409e508c,Task 3,Hospital Entrance,"{""metadata"":{""episode_id"":""5c89adea-1e84-424c-a974-7aea409e508c""},""decision"":""log_and_continue"",""reasoning"":""Acceptable confidence of 0.51; proceeding with caution.""}",1.000
2026-04-08 05:38:12,21bba0e6-a3b8-426a-bfa2-146bc36cb77b,Task 1,Parking Lot,"{""metadata"":{""episode_id"":""21bba0e6-a3b8-426a-bfa2-146bc36cb77b""},""task1_label"":""car""}",1.000
2026-04-08 05:38:12,21bba0e6-a3b8-426a-bfa2-146bc36cb77b,Task 2,Parking Lot,"{""metadata"":{""episode_id"":""21bba0e6-a3b8-426a-bfa2-146bc36cb77b""},""ranked_objects"":[""person"",""car"",""parking meter"",""cctv camera""]}",0.650
2026-04-08 05:38:12,21bba0e6-a3b8-426a-bfa2-146bc36cb77b,Task 3,Parking Lot,"{""metadata"":{""episode_id"":""21bba0e6-a3b8-426a-bfa2-146bc36cb77b""},""decision"":""discard"",""reasoning"":""confidence is too low at 0.31, cannot trust this detection entirely""}",1.000
2026-04-08 05:38:16,b45f136a-54d2-46a4-92d0-793f9be10e5c,Task 1,Urban Street,"{""metadata"":{""episode_id"":""b45f136a-54d2-46a4-92d0-793f9be10e5c""},""task1_label"":""person""}",1.000
2026-04-08 05:38:16,b45f136a-54d2-46a4-92d0-793f9be10e5c,Task 2,Urban Street,"{""metadata"":{""episode_id"":""b45f136a-54d2-46a4-92d0-793f9be10e5c""},""ranked_objects"":[""person"",""car"",""bicycle""]}",0.000
2026-04-08 05:38:16,b45f136a-54d2-46a4-92d0-793f9be10e5c,Task 3,Urban Street,"{""metadata"":{""episode_id"":""b45f136a-54d2-46a4-92d0-793f9be10e5c""},""decision"":""discard"",""reasoning"":""Confidence is too low (< 0.35) to trust the detection, so it's discarded to ensure safety.""}",1.000
2026-04-08 05:38:19,d5591b89-f18a-452e-bca8-6a830b926cbd,Task 1,Hospital Entrance,"{""metadata"":{""episode_id"":""d5591b89-f18a-452e-bca8-6a830b926cbd""},""task1_label"":""ambulance""}",1.000
2026-04-08 05:38:20,d5591b89-f18a-452e-bca8-6a830b926cbd,Task 2,Hospital Entrance,"{""metadata"":{""episode_id"":""d5591b89-f18a-452e-bca8-6a830b926cbd""},""ranked_objects"":[""person"",""ambulance"",""wheelchair"",""stretcher""]}",1.000
2026-04-08 05:38:20,d5591b89-f18a-452e-bca8-6a830b926cbd,Task 3,Hospital Entrance,"{""metadata"":{""episode_id"":""d5591b89-f18a-452e-bca8-6a830b926cbd""},""decision"":""log_and_continue"",""reasoning"":""Acceptable confidence of 0.51 allows proceeding with caution.""}",1.000
2026-04-08 05:38:23,430a73e6-eafb-468a-a898-7f34e481bbc8,Task 1,Hospital Entrance,"{""metadata"":{""episode_id"":""430a73e6-eafb-468a-a898-7f34e481bbc8""},""task1_label"":""ambulance""}",1.000
2026-04-08 05:38:23,430a73e6-eafb-468a-a898-7f34e481bbc8,Task 2,Hospital Entrance,"{""metadata"":{""episode_id"":""430a73e6-eafb-468a-a898-7f34e481bbc8""},""ranked_objects"":[""person"",""ambulance"",""wheelchair"",""stretcher""]}",1.000
2026-04-08 05:38:23,430a73e6-eafb-468a-a898-7f34e481bbc8,Task 3,Hospital Entrance,"{""metadata"":{""episode_id"":""430a73e6-eafb-468a-a898-7f34e481bbc8""},""decision"":""log_and_continue"",""reasoning"":""Confidence is above 0.50, so it's acceptable to record and proceed with caution.""}",1.000
2026-04-08 05:38:27,f7893eaf-b9bf-4a40-8c62-6ce23811b411,Task 1,Rainy Street,"{""metadata"":{""episode_id"":""f7893eaf-b9bf-4a40-8c62-6ce23811b411""},""task1_label"":""person""}",0.200
2026-04-08 05:38:29,f7893eaf-b9bf-4a40-8c62-6ce23811b411,Task 2,Rainy Street,"{""metadata"":{""episode_id"":""f7893eaf-b9bf-4a40-8c62-6ce23811b411""},""ranked_objects"":[""bus"",""car"",""person"",""umbrella""]}",1.000
2026-04-08 05:38:31,f7893eaf-b9bf-4a40-8c62-6ce23811b411,Task 3,Rainy Street,"{""metadata"":{""episode_id"":""f7893eaf-b9bf-4a40-8c62-6ce23811b411""},""decision"":""log_and_continue"",""reasoning"":""confidence of 0.38 is high enough to proceed with caution, despite some uncertainty due to the rainy conditions.""}",0.500
2026-04-08 05:38:34,bfb08d3a-5be4-42d8-9c08-4b81110e5896,Task 1,Shopping Mall,"{""metadata"":{""episode_id"":""bfb08d3a-5be4-42d8-9c08-4b81110e5896""},""task1_label"":""person""}",0.200
2026-04-08 05:38:37,bfb08d3a-5be4-42d8-9c08-4b81110e5896,Task 2,Shopping Mall,"{""metadata"":{""episode_id"":""bfb08d3a-5be4-42d8-9c08-4b81110e5896""},""ranked_objects"":[""person"",""escalator"",""shopping bag"",""cctv camera""]}",1.000
2026-04-08 05:38:41,bfb08d3a-5be4-42d8-9c08-4b81110e5896,Task 3,Shopping Mall,"{""metadata"":{""episode_id"":""bfb08d3a-5be4-42d8-9c08-4b81110e5896""},""decision"":""log_and_continue"",""reasoning"":""confidence of 0.46 is above the threshold, so we'll log the detection and proceed with caution.""}",0.500
2026-04-08 05:38:44,f20ed305-c1ad-418c-aac8-a9702978877a,Task 1,Construction Site,"{""metadata"":{""episode_id"":""f20ed305-c1ad-418c-aac8-a9702978877a""},""task1_label"":""helmet""}",1.000
2026-04-08 05:38:47,f20ed305-c1ad-418c-aac8-a9702978877a,Task 2,Construction Site,"{""metadata"":{""episode_id"":""f20ed305-c1ad-418c-aac8-a9702978877a""},""ranked_objects"":[""worker"",""excavator"",""crane"",""helmet""]}",1.000
2026-04-08 05:38:50,f20ed305-c1ad-418c-aac8-a9702978877a,Task 3,Construction Site,"{""metadata"":{""episode_id"":""f20ed305-c1ad-418c-aac8-a9702978877a""},""decision"":""log_and_continue"",""reasoning"":""confidence of 0.44 is within the acceptable range, so we will record and proceed with caution.""}",0.500
2026-04-08 14:01:47,2e2cd802-f82a-44fe-a2d2-4c0a546ca5a0,Task 1,Forest Trail,"{""metadata"":{""episode_id"":""2e2cd802-f82a-44fe-a2d2-4c0a546ca5a0""},""task1_label"":""hiker""}",1.000
2026-04-08 14:01:47,2e2cd802-f82a-44fe-a2d2-4c0a546ca5a0,Task 2,Forest Trail,"{""metadata"":{""episode_id"":""2e2cd802-f82a-44fe-a2d2-4c0a546ca5a0""},""ranked_objects"":[""hiker"",""dog"",""backpack"",""tree""]}",1.000
2026-04-08 14:01:48,2e2cd802-f82a-44fe-a2d2-4c0a546ca5a0,Task 3,Forest Trail,"{""metadata"":{""episode_id"":""2e2cd802-f82a-44fe-a2d2-4c0a546ca5a0""},""decision"":""discard"",""reasoning"":""confidence is too low at 0.280 to trust this detection entirely""}",1.000
2026-04-08 14:01:51,e5ce52cc-9771-4624-8618-7c1651bb7f05,Task 1,Office Lobby,"{""metadata"":{""episode_id"":""e5ce52cc-9771-4624-8618-7c1651bb7f05""},""task1_label"":""laptop""}",1.000
2026-04-08 14:01:51,e5ce52cc-9771-4624-8618-7c1651bb7f05,Task 2,Office Lobby,"{""metadata"":{""episode_id"":""e5ce52cc-9771-4624-8618-7c1651bb7f05""},""ranked_objects"":[""person"",""couch"",""reception desk"",""potted plant""]}",1.000
2026-04-08 14:01:51,e5ce52cc-9771-4624-8618-7c1651bb7f05,Task 3,Office Lobby,"{""metadata"":{""episode_id"":""e5ce52cc-9771-4624-8618-7c1651bb7f05""},""decision"":""log_and_continue"",""reasoning"":""confidence of 0.54 is above the threshold, so we'll log the detection and proceed with caution.""}",1.000
2026-04-08 14:01:54,73695c25-6fff-4113-ba86-3164859d409b,Task 1,Airport,"{""metadata"":{""episode_id"":""73695c25-6fff-4113-ba86-3164859d409b""},""task1_label"":""airplane""}",1.000
2026-04-08 14:01:55,73695c25-6fff-4113-ba86-3164859d409b,Task 2,Airport,"{""metadata"":{""episode_id"":""73695c25-6fff-4113-ba86-3164859d409b""},""ranked_objects"":[""airplane"",""suitcase"",""boarding gate"",""trolley""]}",1.000
2026-04-08 14:01:55,73695c25-6fff-4113-ba86-3164859d409b,Task 3,Airport,"{""metadata"":{""episode_id"":""73695c25-6fff-4113-ba86-3164859d409b""},""decision"":""discard"",""reasoning"":""confidence is too low (0.19) to trust this detection, prioritizing safety over potential false positives.""}",1.000
2026-04-08 14:01:58,5a384d62-40a0-4067-b27a-ccc5679926bc,Task 1,Parking Lot,"{""metadata"":{""episode_id"":""5a384d62-40a0-4067-b27a-ccc5679926bc""},""task1_label"":""car""}",1.000
2026-04-08 14:01:58,5a384d62-40a0-4067-b27a-ccc5679926bc,Task 2,Parking Lot,"{""metadata"":{""episode_id"":""5a384d62-40a0-4067-b27a-ccc5679926bc""},""ranked_objects"":[""person"",""car"",""parking meter"",""cctv camera""]}",0.650
2026-04-08 14:01:58,5a384d62-40a0-4067-b27a-ccc5679926bc,Task 3,Parking Lot,"{""metadata"":{""episode_id"":""5a384d62-40a0-4067-b27a-ccc5679926bc""},""decision"":""log_and_continue"",""reasoning"":""confidence of 0.31 is below the threshold, but proceeding with caution to avoid missing a potential person.""}",0.000
2026-04-08 14:02:02,239e0895-6aea-4371-934a-49d60deb8616,Task 1,Urban Street,"{""metadata"":{""episode_id"":""239e0895-6aea-4371-934a-49d60deb8616""},""task1_label"":""person""}",1.000
2026-04-08 14:02:02,239e0895-6aea-4371-934a-49d60deb8616,Task 2,Urban Street,"{""metadata"":{""episode_id"":""239e0895-6aea-4371-934a-49d60deb8616""},""ranked_objects"":[""person"",""car"",""bicycle"",""traffic light""]}",0.330
2026-04-08 14:02:02,239e0895-6aea-4371-934a-49d60deb8616,Task 3,Urban Street,"{""metadata"":{""episode_id"":""239e0895-6aea-4371-934a-49d60deb8616""},""decision"":""discard"",""reasoning"":""confidence is too low (0.24) to trust the detection, prioritizing safety over potential false positives.""}",1.000
2026-04-08 14:02:05,9e4841bc-5c3b-4677-bdf2-71442b7bef1c,Task 1,Parking Lot,"{""metadata"":{""episode_id"":""9e4841bc-5c3b-4677-bdf2-71442b7bef1c""},""task1_label"":""car""}",1.000
2026-04-08 14:02:05,9e4841bc-5c3b-4677-bdf2-71442b7bef1c,Task 2,Parking Lot,"{""metadata"":{""episode_id"":""9e4841bc-5c3b-4677-bdf2-71442b7bef1c""},""ranked_objects"":[""person"",""car"",""parking meter"",""cctv camera""]}",0.650
2026-04-08 14:02:06,9e4841bc-5c3b-4677-bdf2-71442b7bef1c,Task 3,Parking Lot,"{""metadata"":{""episode_id"":""9e4841bc-5c3b-4677-bdf2-71442b7bef1c""},""decision"":""log_and_continue"",""reasoning"":""Confidence of 0.310 is below threshold, but proceeding with caution to ensure safety.""}",0.000
2026-04-08 14:02:09,9388d5ed-902b-49c3-8c2d-756049736355,Task 1,School Zone,"{""metadata"":{""episode_id"":""9388d5ed-902b-49c3-8c2d-756049736355""},""task1_label"":""bus""}",1.000
2026-04-08 14:02:09,9388d5ed-902b-49c3-8c2d-756049736355,Task 2,School Zone,"{""metadata"":{""episode_id"":""9388d5ed-902b-49c3-8c2d-756049736355""},""ranked_objects"":[""student"",""bicycle"",""backpack""]}",0.000
2026-04-08 14:02:09,9388d5ed-902b-49c3-8c2d-756049736355,Task 3,School Zone,"{""metadata"":{""episode_id"":""9388d5ed-902b-49c3-8c2d-756049736355""},""decision"":""log_and_continue"",""reasoning"":""confidence of 0.380 is above the threshold, so we'll record and proceed with caution.""}",0.500
2026-04-08 14:02:12,c3e13a0d-1ac9-4d11-9029-f0f747b3ca7f,Task 1,Office Lobby,"{""metadata"":{""episode_id"":""c3e13a0d-1ac9-4d11-9029-f0f747b3ca7f""},""task1_label"":""laptop""}",1.000
2026-04-08 14:02:12,c3e13a0d-1ac9-4d11-9029-f0f747b3ca7f,Task 2,Office Lobby,"{""metadata"":{""episode_id"":""c3e13a0d-1ac9-4d11-9029-f0f747b3ca7f""},""ranked_objects"":[""person"",""couch"",""reception desk"",""potted plant""]}",1.000
2026-04-08 14:02:13,c3e13a0d-1ac9-4d11-9029-f0f747b3ca7f,Task 3,Office Lobby,"{""metadata"":{""episode_id"":""c3e13a0d-1ac9-4d11-9029-f0f747b3ca7f""},""decision"":""log_and_continue"",""reasoning"":""Confidence of 0.54 is above the threshold, so we can proceed with caution.""}",1.000
2026-04-08 14:02:16,c9711e50-f319-43af-983e-450095ab2df6,Task 1,Office Lobby,"{""metadata"":{""episode_id"":""c9711e50-f319-43af-983e-450095ab2df6""},""task1_label"":""laptop""}",1.000
2026-04-08 14:02:16,c9711e50-f319-43af-983e-450095ab2df6,Task 2,Office Lobby,"{""metadata"":{""episode_id"":""c9711e50-f319-43af-983e-450095ab2df6""},""ranked_objects"":[""person"",""couch"",""reception desk"",""potted plant""]}",1.000
2026-04-08 14:02:17,c9711e50-f319-43af-983e-450095ab2df6,Task 3,Office Lobby,"{""metadata"":{""episode_id"":""c9711e50-f319-43af-983e-450095ab2df6""},""decision"":""log_and_continue"",""reasoning"":""confidence is 0.54, which is above the threshold, so we can proceed with caution.""}",1.000
2026-04-08 14:02:20,b42501a2-0950-45f8-9a6d-cdbdc742df1a,Task 1,Office Lobby,"{""metadata"":{""episode_id"":""b42501a2-0950-45f8-9a6d-cdbdc742df1a""},""task1_label"":""laptop""}",1.000
2026-04-08 14:02:22,b42501a2-0950-45f8-9a6d-cdbdc742df1a,Task 2,Office Lobby,"{""metadata"":{""episode_id"":""b42501a2-0950-45f8-9a6d-cdbdc742df1a""},""ranked_objects"":[""person"",""couch"",""reception desk"",""potted plant""]}",1.000
2026-04-08 14:02:24,b42501a2-0950-45f8-9a6d-cdbdc742df1a,Task 3,Office Lobby,"{""metadata"":{""episode_id"":""b42501a2-0950-45f8-9a6d-cdbdc742df1a""},""decision"":""log_and_continue"",""reasoning"":""Acceptable confidence of 0.54 suggests a likely potted plant, so proceed with caution.""}",1.000
2026-04-08 19:25:36,a6a975bb-073b-409e-8251-309a466f2860,Task 1,Airport,"{""metadata"":{""episode_id"":""a6a975bb-073b-409e-8251-309a466f2860""},""task1_label"":""airplane""}",1.000
2026-04-08 19:25:36,a6a975bb-073b-409e-8251-309a466f2860,Task 2,Airport,"{""metadata"":{""episode_id"":""a6a975bb-073b-409e-8251-309a466f2860""},""ranked_objects"":[""airplane"",""suitcase"",""boarding gate"",""trolley""]}",1.000
2026-04-08 19:25:37,a6a975bb-073b-409e-8251-309a466f2860,Task 3,Airport,"{""metadata"":{""episode_id"":""a6a975bb-073b-409e-8251-309a466f2860""},""decision"":""discard"",""reasoning"":""confidence is too low at 0.190, cannot trust this detection for safety.""}",1.000
2026-04-08 19:25:40,188fd677-9cf2-41d9-b60d-c9c1003eadbb,Task 1,Office Lobby,"{""metadata"":{""episode_id"":""188fd677-9cf2-41d9-b60d-c9c1003eadbb""},""task1_label"":""laptop""}",1.000
2026-04-08 19:25:40,188fd677-9cf2-41d9-b60d-c9c1003eadbb,Task 2,Office Lobby,"{""metadata"":{""episode_id"":""188fd677-9cf2-41d9-b60d-c9c1003eadbb""},""ranked_objects"":[""person"",""couch"",""reception desk"",""potted plant""]}",1.000
2026-04-08 19:25:40,188fd677-9cf2-41d9-b60d-c9c1003eadbb,Task 3,Office Lobby,"{""metadata"":{""episode_id"":""188fd677-9cf2-41d9-b60d-c9c1003eadbb""},""decision"":""log_and_continue"",""reasoning"":""confidence of 0.54 is above threshold, so proceeding with caution""}",1.000
2026-04-08 19:25:44,c9e5be46-ff3a-4aa7-a006-5acfd5c381c9,Task 1,Office Lobby,"{""metadata"":{""episode_id"":""c9e5be46-ff3a-4aa7-a006-5acfd5c381c9""},""task1_label"":""laptop""}",1.000
2026-04-08 19:25:44,c9e5be46-ff3a-4aa7-a006-5acfd5c381c9,Task 2,Office Lobby,"{""metadata"":{""episode_id"":""c9e5be46-ff3a-4aa7-a006-5acfd5c381c9""},""ranked_objects"":[""person"",""couch"",""reception desk"",""potted plant""]}",1.000
2026-04-08 19:25:44,c9e5be46-ff3a-4aa7-a006-5acfd5c381c9,Task 3,Office Lobby,"{""metadata"":{""episode_id"":""c9e5be46-ff3a-4aa7-a006-5acfd5c381c9""},""decision"":""log_and_continue"",""reasoning"":""confidence of 0.54 is above the threshold, so proceeding with caution is acceptable.""}",1.000
2026-04-08 19:25:47,d8d0ba53-1e98-454f-b5fd-8b0bd4f52d5d,Task 1,Urban Street,"{""metadata"":{""episode_id"":""d8d0ba53-1e98-454f-b5fd-8b0bd4f52d5d""},""task1_label"":""person""}",1.000
2026-04-08 19:25:48,d8d0ba53-1e98-454f-b5fd-8b0bd4f52d5d,Task 2,Urban Street,"{""metadata"":{""episode_id"":""d8d0ba53-1e98-454f-b5fd-8b0bd4f52d5d""},""ranked_objects"":[""person"",""car"",""bicycle"",""traffic light""]}",0.330
2026-04-08 19:25:48,d8d0ba53-1e98-454f-b5fd-8b0bd4f52d5d,Task 3,Urban Street,"{""metadata"":{""episode_id"":""d8d0ba53-1e98-454f-b5fd-8b0bd4f52d5d""},""decision"":""log_and_continue"",""reasoning"":""confidence is 0.240, which is below the threshold for discard, but still within the acceptable range for cautious action.""}",0.000
2026-04-08 19:25:52,75b8c0b3-9139-4979-b089-74f23234501c,Task 1,School Zone,"{""metadata"":{""episode_id"":""75b8c0b3-9139-4979-b089-74f23234501c""},""task1_label"":""bus""}",1.000
2026-04-08 19:25:52,75b8c0b3-9139-4979-b089-74f23234501c,Task 2,School Zone,"{""metadata"":{""episode_id"":""75b8c0b3-9139-4979-b089-74f23234501c""},""ranked_objects"":[""student"",""bicycle"",""backpack""]}",0.000
2026-04-08 19:25:52,75b8c0b3-9139-4979-b089-74f23234501c,Task 3,School Zone,"{""metadata"":{""episode_id"":""75b8c0b3-9139-4979-b089-74f23234501c""},""decision"":""log_and_continue"",""reasoning"":""confidence is 0.380, which is just above the threshold, so proceeding with caution is acceptable.""}",0.500
2026-04-08 19:25:55,b5ae2fdd-074d-429b-b10c-2f161e086130,Task 1,Urban Street,"{""metadata"":{""episode_id"":""b5ae2fdd-074d-429b-b10c-2f161e086130""},""task1_label"":""person""}",1.000
2026-04-08 19:25:56,b5ae2fdd-074d-429b-b10c-2f161e086130,Task 2,Urban Street,"{""metadata"":{""episode_id"":""b5ae2fdd-074d-429b-b10c-2f161e086130""},""ranked_objects"":[""person"",""car"",""bicycle""]}",0.000
2026-04-08 19:25:56,b5ae2fdd-074d-429b-b10c-2f161e086130,Task 3,Urban Street,"{""metadata"":{""episode_id"":""b5ae2fdd-074d-429b-b10c-2f161e086130""},""decision"":""log_and_continue"",""reasoning"":""confidence is 0.240, which is within the acceptable range, so record and proceed with caution.""}",0.000
2026-04-08 19:26:00,0e0a2e92-6b75-4836-8e98-13605ec14c37,Task 1,Office Lobby,"{""metadata"":{""episode_id"":""0e0a2e92-6b75-4836-8e98-13605ec14c37""},""task1_label"":""laptop""}",1.000
2026-04-08 19:26:00,0e0a2e92-6b75-4836-8e98-13605ec14c37,Task 2,Office Lobby,"{""metadata"":{""episode_id"":""0e0a2e92-6b75-4836-8e98-13605ec14c37""},""ranked_objects"":[""person"",""couch"",""reception desk"",""potted plant""]}",1.000
2026-04-08 19:26:00,0e0a2e92-6b75-4836-8e98-13605ec14c37,Task 3,Office Lobby,"{""metadata"":{""episode_id"":""0e0a2e92-6b75-4836-8e98-13605ec14c37""},""decision"":""log_and_continue"",""reasoning"":""confidence of 0.54 is high enough to trust the detection, but still cautious due to initial uncertainty.""}",1.000
2026-04-08 19:26:03,71f0c847-239a-4b47-a0e9-45d996b21036,Task 1,Forest Trail,"{""metadata"":{""episode_id"":""71f0c847-239a-4b47-a0e9-45d996b21036""},""task1_label"":""hiker""}",1.000
2026-04-08 19:26:04,71f0c847-239a-4b47-a0e9-45d996b21036,Task 2,Forest Trail,"{""metadata"":{""episode_id"":""71f0c847-239a-4b47-a0e9-45d996b21036""},""ranked_objects"":[""hiker"",""dog"",""backpack"",""tree""]}",1.000
2026-04-08 19:26:04,71f0c847-239a-4b47-a0e9-45d996b21036,Task 3,Forest Trail,"{""metadata"":{""episode_id"":""71f0c847-239a-4b47-a0e9-45d996b21036""},""decision"":""discard"",""reasoning"":""confidence is too low at 0.280 to trust the detection of a dog.""}",1.000
2026-04-08 19:26:07,55cd0c85-022c-47e6-87dc-6e9d85d03aa8,Task 1,Office Lobby,"{""metadata"":{""episode_id"":""55cd0c85-022c-47e6-87dc-6e9d85d03aa8""},""task1_label"":""laptop""}",1.000
2026-04-08 19:26:07,55cd0c85-022c-47e6-87dc-6e9d85d03aa8,Task 2,Office Lobby,"{""metadata"":{""episode_id"":""55cd0c85-022c-47e6-87dc-6e9d85d03aa8""},""ranked_objects"":[""person"",""couch"",""reception desk"",""potted plant""]}",1.000
2026-04-08 19:26:07,55cd0c85-022c-47e6-87dc-6e9d85d03aa8,Task 3,Office Lobby,"{""metadata"":{""episode_id"":""55cd0c85-022c-47e6-87dc-6e9d85d03aa8""},""decision"":""log_and_continue"",""reasoning"":""confidence of 0.54 is above the threshold, so proceed with caution.""}",1.000
2026-04-08 19:26:11,46459965-a3dd-47bf-bc49-52cb62fe2619,Task 1,Hospital Entrance,"{""metadata"":{""episode_id"":""46459965-a3dd-47bf-bc49-52cb62fe2619""},""task1_label"":""ambulance""}",1.000
2026-04-08 19:26:11,46459965-a3dd-47bf-bc49-52cb62fe2619,Task 2,Hospital Entrance,"{""metadata"":{""episode_id"":""46459965-a3dd-47bf-bc49-52cb62fe2619""},""ranked_objects"":[""person"",""ambulance"",""wheelchair"",""stretcher""]}",1.000
2026-04-08 19:26:12,46459965-a3dd-47bf-bc49-52cb62fe2619,Task 3,Hospital Entrance,"{""metadata"":{""episode_id"":""46459965-a3dd-47bf-bc49-52cb62fe2619""},""decision"":""log_and_continue"",""reasoning"":""Acceptable confidence of 0.51; proceeding with caution.""}",1.000
2026-04-08 20:04:22,53d99ae0-5b24-4fa1-87f5-0dc334b51ea2,Task 1,Urban Street,"{""metadata"":{""episode_id"":""53d99ae0-5b24-4fa1-87f5-0dc334b51ea2""},""task1_label"":""person""}",1.000
2026-04-08 20:04:22,53d99ae0-5b24-4fa1-87f5-0dc334b51ea2,Task 2,Urban Street,"{""metadata"":{""episode_id"":""53d99ae0-5b24-4fa1-87f5-0dc334b51ea2""},""ranked_objects"":[""person"",""car"",""bicycle"",""traffic light""]}",0.330
2026-04-08 20:04:22,53d99ae0-5b24-4fa1-87f5-0dc334b51ea2,Task 3,Urban Street,"{""metadata"":{""episode_id"":""53d99ae0-5b24-4fa1-87f5-0dc334b51ea2""},""decision"":""log_and_continue"",""reasoning"":""confidence is 0.24, proceeding with caution due to low confidence.""}",0.000
2026-04-08 20:04:26,6fe47ff8-c325-4c80-8ea2-76ea21d9cb7a,Task 1,Hospital Entrance,"{""metadata"":{""episode_id"":""6fe47ff8-c325-4c80-8ea2-76ea21d9cb7a""},""task1_label"":""ambulance""}",1.000
2026-04-08 20:04:26,6fe47ff8-c325-4c80-8ea2-76ea21d9cb7a,Task 2,Hospital Entrance,"{""metadata"":{""episode_id"":""6fe47ff8-c325-4c80-8ea2-76ea21d9cb7a""},""ranked_objects"":[""person"",""ambulance"",""wheelchair"",""stretcher""]}",1.000
2026-04-08 20:04:26,6fe47ff8-c325-4c80-8ea2-76ea21d9cb7a,Task 3,Hospital Entrance,"{""metadata"":{""episode_id"":""6fe47ff8-c325-4c80-8ea2-76ea21d9cb7a""},""decision"":""log_and_continue"",""reasoning"":""confidence of 0.51 is above the threshold, so proceeding with caution is acceptable.""}",1.000
2026-04-08 20:04:29,667f4a4d-b628-4bae-a922-c793bdc99852,Task 1,Hospital Entrance,"{""metadata"":{""episode_id"":""667f4a4d-b628-4bae-a922-c793bdc99852""},""task1_label"":""ambulance""}",1.000
2026-04-08 20:04:30,667f4a4d-b628-4bae-a922-c793bdc99852,Task 2,Hospital Entrance,"{""metadata"":{""episode_id"":""667f4a4d-b628-4bae-a922-c793bdc99852""},""ranked_objects"":[""person"",""ambulance"",""wheelchair"",""stretcher""]}",1.000
2026-04-08 20:04:30,667f4a4d-b628-4bae-a922-c793bdc99852,Task 3,Hospital Entrance,"{""metadata"":{""episode_id"":""667f4a4d-b628-4bae-a922-c793bdc99852""},""decision"":""log_and_continue"",""reasoning"":""Acceptable confidence of 0.51; proceeding with caution.""}",1.000
2026-04-08 20:04:33,0567f687-3bbb-4f34-a926-1e3d250d3f47,Task 1,Construction Site,"{""metadata"":{""episode_id"":""0567f687-3bbb-4f34-a926-1e3d250d3f47""},""task1_label"":""helmet""}",1.000
2026-04-08 20:04:34,0567f687-3bbb-4f34-a926-1e3d250d3f47,Task 2,Construction Site,"{""metadata"":{""episode_id"":""0567f687-3bbb-4f34-a926-1e3d250d3f47""},""ranked_objects"":[""worker"",""excavator"",""crane"",""helmet""]}",1.000
2026-04-08 20:04:34,0567f687-3bbb-4f34-a926-1e3d250d3f47,Task 3,Construction Site,"{""metadata"":{""episode_id"":""0567f687-3bbb-4f34-a926-1e3d250d3f47""},""decision"":""log_and_continue"",""reasoning"":""confidence of 0.44 is above the threshold, so recording and proceeding with caution is acceptable.""}",0.500
2026-04-08 20:04:37,2fb4fd5a-357f-45ab-b463-2abebf6e21e4,Task 1,Warehouse,"{""metadata"":{""episode_id"":""2fb4fd5a-357f-45ab-b463-2abebf6e21e4""},""task1_label"":""forklift""}",1.000
2026-04-08 20:04:38,2fb4fd5a-357f-45ab-b463-2abebf6e21e4,Task 2,Warehouse,"{""metadata"":{""episode_id"":""2fb4fd5a-357f-45ab-b463-2abebf6e21e4""},""ranked_objects"":[""worker"",""truck"",""forklift"",""carton""]}",1.000
2026-04-08 20:04:38,2fb4fd5a-357f-45ab-b463-2abebf6e21e4,Task 3,Warehouse,"{""metadata"":{""episode_id"":""2fb4fd5a-357f-45ab-b463-2abebf6e21e4""},""decision"":""log_and_continue"",""reasoning"":""confidence of 0.42 is above the threshold, so proceed with caution""}",0.500
2026-04-08 20:04:41,9e94ee9c-88db-43ff-bb29-4a04af402bb1,Task 1,Construction Site,"{""metadata"":{""episode_id"":""9e94ee9c-88db-43ff-bb29-4a04af402bb1""},""task1_label"":""helmet""}",1.000
2026-04-08 20:04:41,9e94ee9c-88db-43ff-bb29-4a04af402bb1,Task 2,Construction Site,"{""metadata"":{""episode_id"":""9e94ee9c-88db-43ff-bb29-4a04af402bb1""},""ranked_objects"":[""worker"",""excavator"",""crane"",""helmet""]}",1.000
2026-04-08 20:04:42,9e94ee9c-88db-43ff-bb29-4a04af402bb1,Task 3,Construction Site,"{""metadata"":{""episode_id"":""9e94ee9c-88db-43ff-bb29-4a04af402bb1""},""decision"":""log_and_continue"",""reasoning"":""Acceptable confidence of 0.44; proceeding with caution.""}",0.500
2026-04-08 20:04:45,d31d9ed7-ac40-436b-b6b3-b121aae1841f,Task 1,Warehouse,"{""metadata"":{""episode_id"":""d31d9ed7-ac40-436b-b6b3-b121aae1841f""},""task1_label"":""forklift""}",1.000
2026-04-08 20:04:45,d31d9ed7-ac40-436b-b6b3-b121aae1841f,Task 2,Warehouse,"{""metadata"":{""episode_id"":""d31d9ed7-ac40-436b-b6b3-b121aae1841f""},""ranked_objects"":[""worker"",""truck"",""forklift"",""carton""]}",1.000
2026-04-08 20:04:46,d31d9ed7-ac40-436b-b6b3-b121aae1841f,Task 3,Warehouse,"{""metadata"":{""episode_id"":""d31d9ed7-ac40-436b-b6b3-b121aae1841f""},""decision"":""log_and_continue"",""reasoning"":""Acceptable confidence of 0.42; proceed with caution.""}",0.500
2026-04-08 20:04:49,5ad3c670-6266-4d61-afa7-952ec23be05e,Task 1,Night Street,"{""metadata"":{""episode_id"":""5ad3c670-6266-4d61-afa7-952ec23be05e""},""task1_label"":""person""}",0.200
2026-04-08 20:04:49,5ad3c670-6266-4d61-afa7-952ec23be05e,Task 2,Night Street,"{""metadata"":{""episode_id"":""5ad3c670-6266-4d61-afa7-952ec23be05e""},""ranked_objects"":[""person"",""motorcycle"",""fire hydrant""]}",0.000
2026-04-08 20:04:50,5ad3c670-6266-4d61-afa7-952ec23be05e,Task 3,Night Street,"{""metadata"":{""episode_id"":""5ad3c670-6266-4d61-afa7-952ec23be05e""},""decision"":""discard"",""reasoning"":""confidence is too low at 0.21 to trust the detection of a person in the shadowy alley.""}",1.000
2026-04-08 20:04:53,f89b0c6e-b680-41a1-9286-5f49ba7b8ce7,Task 1,Construction Site,"{""metadata"":{""episode_id"":""f89b0c6e-b680-41a1-9286-5f49ba7b8ce7""},""task1_label"":""helmet""}",1.000
2026-04-08 20:04:53,f89b0c6e-b680-41a1-9286-5f49ba7b8ce7,Task 2,Construction Site,"{""metadata"":{""episode_id"":""f89b0c6e-b680-41a1-9286-5f49ba7b8ce7""},""ranked_objects"":[""worker"",""excavator"",""crane"",""helmet""]}",1.000
2026-04-08 20:04:53,f89b0c6e-b680-41a1-9286-5f49ba7b8ce7,Task 3,Construction Site,"{""metadata"":{""episode_id"":""f89b0c6e-b680-41a1-9286-5f49ba7b8ce7""},""decision"":""log_and_continue"",""reasoning"":""confidence of 0.44 is above the threshold of 0.35, but below 0.50, so we'll record and proceed with caution.""}",0.500
2026-04-08 20:04:57,3a8dfa56-846a-4596-8ac2-e573d1f53d32,Task 1,Shopping Mall,"{""metadata"":{""episode_id"":""3a8dfa56-846a-4596-8ac2-e573d1f53d32""},""task1_label"":""shopping bag""}",1.000
2026-04-08 20:04:57,3a8dfa56-846a-4596-8ac2-e573d1f53d32,Task 2,Shopping Mall,"{""metadata"":{""episode_id"":""3a8dfa56-846a-4596-8ac2-e573d1f53d32""},""ranked_objects"":[""person"",""escalator"",""shopping bag"",""cctv camera""]}",1.000
2026-04-08 20:04:57,3a8dfa56-846a-4596-8ac2-e573d1f53d32,Task 3,Shopping Mall,"{""metadata"":{""episode_id"":""3a8dfa56-846a-4596-8ac2-e573d1f53d32""},""decision"":""log_and_continue"",""reasoning"":""confidence is 0.46; proceeding with caution""}",0.500
2026-04-08 20:20:20,e41b1a1f-c153-4de1-8757-318b58bd70eb,Task 1,Night Street,"{""metadata"":{""episode_id"":""e41b1a1f-c153-4de1-8757-318b58bd70eb""},""task1_label"":""person""}",0.200
2026-04-08 20:20:20,e41b1a1f-c153-4de1-8757-318b58bd70eb,Task 2,Night Street,"{""metadata"":{""episode_id"":""e41b1a1f-c153-4de1-8757-318b58bd70eb""},""ranked_objects"":[""person"",""motorcycle"",""fire hydrant"",""streetlight""]}",0.650
2026-04-08 20:20:20,e41b1a1f-c153-4de1-8757-318b58bd70eb,Task 3,Night Street,"{""metadata"":{""episode_id"":""e41b1a1f-c153-4de1-8757-318b58bd70eb""},""decision"":""discard"",""reasoning"":""confidence is too low at 0.21, cannot trust detection for safety.""}",1.000
2026-04-08 20:20:24,436f191c-4999-4c23-9e4c-43e6448f4461,Task 1,Shopping Mall,"{""metadata"":{""episode_id"":""436f191c-4999-4c23-9e4c-43e6448f4461""},""task1_label"":""person""}",0.200
2026-04-08 20:20:24,436f191c-4999-4c23-9e4c-43e6448f4461,Task 2,Shopping Mall,"{""metadata"":{""episode_id"":""436f191c-4999-4c23-9e4c-43e6448f4461""},""ranked_objects"":[""person"",""escalator"",""shopping bag"",""cctv camera""]}",1.000
2026-04-08 20:20:25,436f191c-4999-4c23-9e4c-43e6448f4461,Task 3,Shopping Mall,"{""metadata"":{""episode_id"":""436f191c-4999-4c23-9e4c-43e6448f4461""},""decision"":""log_and_continue"",""reasoning"":""Acceptable confidence of 0.46; proceeding with caution.""}",0.500
2026-04-08 20:20:28,95241390-9062-4611-ae2d-a890e2ebc0ae,Task 1,Warehouse,"{""metadata"":{""episode_id"":""95241390-9062-4611-ae2d-a890e2ebc0ae""},""task1_label"":""forklift""}",1.000
2026-04-08 20:20:28,95241390-9062-4611-ae2d-a890e2ebc0ae,Task 2,Warehouse,"{""metadata"":{""episode_id"":""95241390-9062-4611-ae2d-a890e2ebc0ae""},""ranked_objects"":[""worker"",""truck"",""forklift"",""carton""]}",1.000
2026-04-08 20:20:29,95241390-9062-4611-ae2d-a890e2ebc0ae,Task 3,Warehouse,"{""metadata"":{""episode_id"":""95241390-9062-4611-ae2d-a890e2ebc0ae""},""decision"":""log_and_continue"",""reasoning"":""confidence of 0.42 is just above the threshold, so we'll log and continue with caution.""}",0.500
2026-04-08 20:20:32,4aabb08b-6860-4677-a454-9167084dbd19,Task 1,Rainy Street,"{""metadata"":{""episode_id"":""4aabb08b-6860-4677-a454-9167084dbd19""},""task1_label"":""person""}",0.200
2026-04-08 20:20:32,4aabb08b-6860-4677-a454-9167084dbd19,Task 2,Rainy Street,"{""metadata"":{""episode_id"":""4aabb08b-6860-4677-a454-9167084dbd19""},""ranked_objects"":[""bus"",""car"",""person"",""umbrella""]}",1.000
2026-04-08 20:20:33,4aabb08b-6860-4677-a454-9167084dbd19,Task 3,Rainy Street,"{""metadata"":{""episode_id"":""4aabb08b-6860-4677-a454-9167084dbd19""},""decision"":""log_and_continue"",""reasoning"":""confidence of 0.38 is above the threshold, but still uncertain; proceeding with caution""}",0.500
2026-04-08 20:20:36,9e3dd207-9f29-4c15-93d6-5202623c9d2d,Task 1,Warehouse,"{""metadata"":{""episode_id"":""9e3dd207-9f29-4c15-93d6-5202623c9d2d""},""task1_label"":""forklift""}",1.000
2026-04-08 20:20:36,9e3dd207-9f29-4c15-93d6-5202623c9d2d,Task 2,Warehouse,"{""metadata"":{""episode_id"":""9e3dd207-9f29-4c15-93d6-5202623c9d2d""},""ranked_objects"":[""worker"",""truck"",""forklift"",""carton""]}",1.000
2026-04-08 20:20:37,9e3dd207-9f29-4c15-93d6-5202623c9d2d,Task 3,Warehouse,"{""metadata"":{""episode_id"":""9e3dd207-9f29-4c15-93d6-5202623c9d2d""},""decision"":""log_and_continue"",""reasoning"":""Acceptable confidence of 0.420; proceeding with caution.""}",0.500
2026-04-08 20:20:40,1fc56598-a9a0-43ac-a218-8c95129bade5,Task 1,Rainy Street,"{""metadata"":{""episode_id"":""1fc56598-a9a0-43ac-a218-8c95129bade5""},""task1_label"":""person""}",0.200
2026-04-08 20:20:41,1fc56598-a9a0-43ac-a218-8c95129bade5,Task 2,Rainy Street,"{""metadata"":{""episode_id"":""1fc56598-a9a0-43ac-a218-8c95129bade5""},""ranked_objects"":[""bus"",""car"",""person"",""umbrella""]}",1.000
2026-04-08 20:20:41,1fc56598-a9a0-43ac-a218-8c95129bade5,Task 3,Rainy Street,"{""metadata"":{""episode_id"":""1fc56598-a9a0-43ac-a218-8c95129bade5""},""decision"":""log_and_continue"",""reasoning"":""confidence of 0.38 is just above the threshold, so proceeding with caution is acceptable.""}",0.500
2026-04-08 20:20:45,c94e229a-b046-449c-8939-d85e3ff7ced4,Task 1,Night Street,"{""metadata"":{""episode_id"":""c94e229a-b046-449c-8939-d85e3ff7ced4""},""task1_label"":""person""}",0.200
2026-04-08 20:20:45,c94e229a-b046-449c-8939-d85e3ff7ced4,Task 2,Night Street,"{""metadata"":{""episode_id"":""c94e229a-b046-449c-8939-d85e3ff7ced4""},""ranked_objects"":[""person"",""motorcycle"",""fire hydrant""]}",0.000
2026-04-08 20:20:46,c94e229a-b046-449c-8939-d85e3ff7ced4,Task 3,Night Street,"{""metadata"":{""episode_id"":""c94e229a-b046-449c-8939-d85e3ff7ced4""},""decision"":""discard"",""reasoning"":""confidence is too low at 0.21 to trust a person detection in a potentially hazardous environment like a shadowy alley.""}",1.000
2026-04-08 20:20:51,f12727d0-a144-420f-a627-3e782cff3709,Task 1,Shopping Mall,"{""metadata"":{""episode_id"":""f12727d0-a144-420f-a627-3e782cff3709""},""task1_label"":""person""}",0.200
2026-04-08 20:20:51,f12727d0-a144-420f-a627-3e782cff3709,Task 2,Shopping Mall,"{""metadata"":{""episode_id"":""f12727d0-a144-420f-a627-3e782cff3709""},""ranked_objects"":[""person"",""escalator"",""shopping bag"",""cctv camera""]}",1.000
2026-04-08 20:20:52,f12727d0-a144-420f-a627-3e782cff3709,Task 3,Shopping Mall,"{""metadata"":{""episode_id"":""f12727d0-a144-420f-a627-3e782cff3709""},""decision"":""log_and_continue"",""reasoning"":""confidence of 0.46 is above the threshold, so we'll log and proceed with caution.""}",0.500
2026-04-08 20:20:55,3f8ab9d1-f744-4921-9e27-f200a4adf21a,Task 1,Hospital Entrance,"{""metadata"":{""episode_id"":""3f8ab9d1-f744-4921-9e27-f200a4adf21a""},""task1_label"":""ambulance""}",1.000
2026-04-08 20:20:55,3f8ab9d1-f744-4921-9e27-f200a4adf21a,Task 2,Hospital Entrance,"{""metadata"":{""episode_id"":""3f8ab9d1-f744-4921-9e27-f200a4adf21a""},""ranked_objects"":[""person"",""ambulance"",""wheelchair"",""stretcher""]}",1.000
2026-04-08 20:20:55,3f8ab9d1-f744-4921-9e27-f200a4adf21a,Task 3,Hospital Entrance,"{""metadata"":{""episode_id"":""3f8ab9d1-f744-4921-9e27-f200a4adf21a""},""decision"":""log_and_continue"",""reasoning"":""Confidence of 0.510 is above the threshold, so proceeding with caution is acceptable.""}",1.000
2026-04-08 20:20:59,c25537d6-1848-44eb-ad79-56d7b5766000,Task 1,Hospital Entrance,"{""metadata"":{""episode_id"":""c25537d6-1848-44eb-ad79-56d7b5766000""},""task1_label"":""ambulance""}",1.000
2026-04-08 20:20:59,c25537d6-1848-44eb-ad79-56d7b5766000,Task 2,Hospital Entrance,"{""metadata"":{""episode_id"":""c25537d6-1848-44eb-ad79-56d7b5766000""},""ranked_objects"":[""person"",""ambulance"",""wheelchair"",""stretcher""]}",1.000
2026-04-08 20:21:00,c25537d6-1848-44eb-ad79-56d7b5766000,Task 3,Hospital Entrance,"{""metadata"":{""episode_id"":""c25537d6-1848-44eb-ad79-56d7b5766000""},""decision"":""log_and_continue"",""reasoning"":""Confidence of 0.510 is above the threshold, so we'll record and proceed with caution.""}",1.000
2026-04-08 23:17:31,e07c3bfe-f07b-4f68-b587-69dc4139e865,Task 1,Urban Street,"{""metadata"":{""episode_id"":""e07c3bfe-f07b-4f68-b587-69dc4139e865""},""task1_label"":""person""}",1.000
2026-04-08 23:17:31,e07c3bfe-f07b-4f68-b587-69dc4139e865,Task 2,Urban Street,"{""metadata"":{""episode_id"":""e07c3bfe-f07b-4f68-b587-69dc4139e865""},""ranked_objects"":[""person"",""car"",""bicycle""]}",0.000
2026-04-08 23:17:32,e07c3bfe-f07b-4f68-b587-69dc4139e865,Task 3,Urban Street,"{""metadata"":{""episode_id"":""e07c3bfe-f07b-4f68-b587-69dc4139e865""},""decision"":""log_and_continue"",""reasoning"":""confidence is 0.240, which is below the threshold, but proceeding with caution to avoid missing a critical traffic light.""}",0.000
2026-04-08 23:17:35,2ab1d163-cf48-4441-b950-0c9c72becf18,Task 1,Urban Street,"{""metadata"":{""episode_id"":""2ab1d163-cf48-4441-b950-0c9c72becf18""},""task1_label"":""person""}",1.000
2026-04-08 23:17:35,2ab1d163-cf48-4441-b950-0c9c72becf18,Task 2,Urban Street,"{""metadata"":{""episode_id"":""2ab1d163-cf48-4441-b950-0c9c72becf18""},""ranked_objects"":[""person"",""car"",""bicycle"",""traffic light""]}",0.330
2026-04-08 23:17:35,2ab1d163-cf48-4441-b950-0c9c72becf18,Task 3,Urban Street,"{""metadata"":{""episode_id"":""2ab1d163-cf48-4441-b950-0c9c72becf18""},""decision"":""log_and_continue"",""reasoning"":""confidence is 0.240, proceeding with caution due to low confidence.""}",0.000
2026-04-08 23:17:38,27299647-8771-4c70-8ada-19ffebf843ef,Task 1,School Zone,"{""metadata"":{""episode_id"":""27299647-8771-4c70-8ada-19ffebf843ef""},""task1_label"":""bus""}",1.000
2026-04-08 23:17:38,27299647-8771-4c70-8ada-19ffebf843ef,Task 2,School Zone,"{""metadata"":{""episode_id"":""27299647-8771-4c70-8ada-19ffebf843ef""},""ranked_objects"":[""student"",""bicycle"",""backpack""]}",0.000
2026-04-08 23:17:39,27299647-8771-4c70-8ada-19ffebf843ef,Task 3,School Zone,"{""metadata"":{""episode_id"":""27299647-8771-4c70-8ada-19ffebf843ef""},""decision"":""log_and_continue"",""reasoning"":""confidence of 0.38 is just above the threshold, so proceeding with caution is acceptable.""}",0.500
2026-04-08 23:17:42,7673bf01-8781-433f-89f2-c6f248ef971e,Task 1,Hospital Entrance,"{""metadata"":{""episode_id"":""7673bf01-8781-433f-89f2-c6f248ef971e""},""task1_label"":""ambulance""}",1.000
2026-04-08 23:17:42,7673bf01-8781-433f-89f2-c6f248ef971e,Task 2,Hospital Entrance,"{""metadata"":{""episode_id"":""7673bf01-8781-433f-89f2-c6f248ef971e""},""ranked_objects"":[""person"",""ambulance"",""wheelchair"",""stretcher""]}",1.000
2026-04-08 23:17:42,7673bf01-8781-433f-89f2-c6f248ef971e,Task 3,Hospital Entrance,"{""metadata"":{""episode_id"":""7673bf01-8781-433f-89f2-c6f248ef971e""},""decision"":""log_and_continue"",""reasoning"":""Confidence of 0.51 is above the threshold, so proceeding with caution is acceptable.""}",1.000
2026-04-08 23:17:46,a15961f2-5bb2-4f63-b272-4c9f79f0df2c,Task 1,Urban Street,"{""metadata"":{""episode_id"":""a15961f2-5bb2-4f63-b272-4c9f79f0df2c""},""task1_label"":""person""}",1.000
2026-04-08 23:17:46,a15961f2-5bb2-4f63-b272-4c9f79f0df2c,Task 2,Urban Street,"{""metadata"":{""episode_id"":""a15961f2-5bb2-4f63-b272-4c9f79f0df2c""},""ranked_objects"":[""person"",""car"",""bicycle"",""traffic light""]}",0.330
2026-04-08 23:17:46,a15961f2-5bb2-4f63-b272-4c9f79f0df2c,Task 3,Urban Street,"{""metadata"":{""episode_id"":""a15961f2-5bb2-4f63-b272-4c9f79f0df2c""},""decision"":""discard"",""reasoning"":""confidence is too low (0.24) to trust the detection, prioritizing safety over potential false positives.""}",1.000
2026-04-08 23:17:49,8798aafe-6812-497b-8414-d3ba7eef9952,Task 1,Urban Street,"{""metadata"":{""episode_id"":""8798aafe-6812-497b-8414-d3ba7eef9952""},""task1_label"":""person""}",1.000
2026-04-08 23:17:49,8798aafe-6812-497b-8414-d3ba7eef9952,Task 2,Urban Street,"{""metadata"":{""episode_id"":""8798aafe-6812-497b-8414-d3ba7eef9952""},""ranked_objects"":[""person"",""car"",""bicycle"",""traffic light""]}",0.330
2026-04-08 23:17:49,8798aafe-6812-497b-8414-d3ba7eef9952,Task 3,Urban Street,"{""metadata"":{""episode_id"":""8798aafe-6812-497b-8414-d3ba7eef9952""},""decision"":""discard"",""reasoning"":""confidence is too low at 0.24, cannot trust this detection.""}",1.000
2026-04-08 23:17:53,c88313ad-ac25-4183-b9b3-e2401a955036,Task 1,School Zone,"{""metadata"":{""episode_id"":""c88313ad-ac25-4183-b9b3-e2401a955036""},""task1_label"":""bus""}",1.000
2026-04-08 23:17:53,c88313ad-ac25-4183-b9b3-e2401a955036,Task 2,School Zone,"{""metadata"":{""episode_id"":""c88313ad-ac25-4183-b9b3-e2401a955036""},""ranked_objects"":[""student"",""bicycle"",""backpack""]}",0.000
2026-04-08 23:17:53,c88313ad-ac25-4183-b9b3-e2401a955036,Task 3,School Zone,"{""metadata"":{""episode_id"":""c88313ad-ac25-4183-b9b3-e2401a955036""},""decision"":""log_and_continue"",""reasoning"":""confidence of 0.38 is within the acceptable range, proceeding with caution""}",0.500
2026-04-08 23:17:56,b3e9452e-50a0-4746-b57f-3497c3699ac9,Task 1,School Zone,"{""metadata"":{""episode_id"":""b3e9452e-50a0-4746-b57f-3497c3699ac9""},""task1_label"":""bus""}",1.000
2026-04-08 23:17:57,b3e9452e-50a0-4746-b57f-3497c3699ac9,Task 2,School Zone,"{""metadata"":{""episode_id"":""b3e9452e-50a0-4746-b57f-3497c3699ac9""},""ranked_objects"":[""student"",""bicycle"",""backpack""]}",0.000
2026-04-08 23:17:57,b3e9452e-50a0-4746-b57f-3497c3699ac9,Task 3,School Zone,"{""metadata"":{""episode_id"":""b3e9452e-50a0-4746-b57f-3497c3699ac9""},""decision"":""log_and_continue"",""reasoning"":""Confidence of 0.38 is just above the threshold, so proceeding with caution is acceptable.""}",0.500
2026-04-08 23:18:00,16a52726-aab5-4ca7-805e-94d2edb11e3a,Task 1,Parking Lot,"{""metadata"":{""episode_id"":""16a52726-aab5-4ca7-805e-94d2edb11e3a""},""task1_label"":""car""}",1.000
2026-04-08 23:18:00,16a52726-aab5-4ca7-805e-94d2edb11e3a,Task 2,Parking Lot,"{""metadata"":{""episode_id"":""16a52726-aab5-4ca7-805e-94d2edb11e3a""},""ranked_objects"":[""person"",""car"",""parking meter"",""cctv camera""]}",0.650
2026-04-08 23:18:01,16a52726-aab5-4ca7-805e-94d2edb11e3a,Task 3,Parking Lot,"{""metadata"":{""episode_id"":""16a52726-aab5-4ca7-805e-94d2edb11e3a""},""decision"":""log_and_continue"",""reasoning"":""confidence is 0.310, which is low, but proceeding with caution to avoid potential false negatives.""}",0.000
2026-04-08 23:18:04,5332599c-00e6-49c4-8ba9-751302162c89,Task 1,Parking Lot,"{""metadata"":{""episode_id"":""5332599c-00e6-49c4-8ba9-751302162c89""},""task1_label"":""car""}",1.000
2026-04-08 23:18:04,5332599c-00e6-49c4-8ba9-751302162c89,Task 2,Parking Lot,"{""metadata"":{""episode_id"":""5332599c-00e6-49c4-8ba9-751302162c89""},""ranked_objects"":[""person"",""car"",""parking meter"",""cctv camera""]}",0.650
2026-04-08 23:18:05,5332599c-00e6-49c4-8ba9-751302162c89,Task 3,Parking Lot,"{""metadata"":{""episode_id"":""5332599c-00e6-49c4-8ba9-751302162c89""},""decision"":""log_and_continue"",""reasoning"":""Confidence is 0.310, which is below the threshold, but still above the discard threshold, so proceeding with caution is acceptable.""}",0.000
2026-04-08 23:21:59,3bc56967-2e9c-4c27-b6f5-17f7cf7e7cf1,Task 1,Office Lobby,"{""metadata"":{""episode_id"":""3bc56967-2e9c-4c27-b6f5-17f7cf7e7cf1""},""task1_label"":""laptop""}",1.000
2026-04-08 23:21:59,3bc56967-2e9c-4c27-b6f5-17f7cf7e7cf1,Task 2,Office Lobby,"{""metadata"":{""episode_id"":""3bc56967-2e9c-4c27-b6f5-17f7cf7e7cf1""},""ranked_objects"":[""person"",""couch"",""reception desk"",""potted plant""]}",1.000
2026-04-08 23:21:59,3bc56967-2e9c-4c27-b6f5-17f7cf7e7cf1,Task 3,Office Lobby,"{""metadata"":{""episode_id"":""3bc56967-2e9c-4c27-b6f5-17f7cf7e7cf1""},""decision"":""log_and_continue"",""reasoning"":""Confidence is 0.54, which is high enough to trust this detection, so we will log it and continue with caution.""}",1.000
2026-04-08 23:22:02,585bec76-29c3-4c72-9984-df8199f1e244,Task 1,Airport,"{""metadata"":{""episode_id"":""585bec76-29c3-4c72-9984-df8199f1e244""},""task1_label"":""airplane""}",1.000
2026-04-08 23:22:02,585bec76-29c3-4c72-9984-df8199f1e244,Task 2,Airport,"{""metadata"":{""episode_id"":""585bec76-29c3-4c72-9984-df8199f1e244""},""ranked_objects"":[""airplane"",""suitcase"",""boarding gate"",""trolley""]}",1.000
2026-04-08 23:22:03,585bec76-29c3-4c72-9984-df8199f1e244,Task 3,Airport,"{""metadata"":{""episode_id"":""585bec76-29c3-4c72-9984-df8199f1e244""},""decision"":""discard"",""reasoning"":""confidence is too low at 0.190, cannot trust this detection for safety reasons""}",1.000
2026-04-08 23:22:06,29409b34-0fc9-4b93-88a5-bda16e1cd95a,Task 1,Airport,"{""metadata"":{""episode_id"":""29409b34-0fc9-4b93-88a5-bda16e1cd95a""},""task1_label"":""airplane""}",1.000
2026-04-08 23:22:06,29409b34-0fc9-4b93-88a5-bda16e1cd95a,Task 2,Airport,"{""metadata"":{""episode_id"":""29409b34-0fc9-4b93-88a5-bda16e1cd95a""},""ranked_objects"":[""airplane"",""suitcase"",""boarding gate"",""trolley""]}",1.000
2026-04-08 23:22:06,29409b34-0fc9-4b93-88a5-bda16e1cd95a,Task 3,Airport,"{""metadata"":{""episode_id"":""29409b34-0fc9-4b93-88a5-bda16e1cd95a""},""decision"":""discard"",""reasoning"":""confidence is too low (0.190) to trust the detection, prioritizing safety over potential false positives.""}",1.000
2026-04-08 23:22:09,904c72c1-6610-4d9a-b75a-b3314317b4a1,Task 1,Urban Street,"{""metadata"":{""episode_id"":""904c72c1-6610-4d9a-b75a-b3314317b4a1""},""task1_label"":""person""}",1.000
2026-04-08 23:22:09,904c72c1-6610-4d9a-b75a-b3314317b4a1,Task 2,Urban Street,"{""metadata"":{""episode_id"":""904c72c1-6610-4d9a-b75a-b3314317b4a1""},""ranked_objects"":[""person"",""car"",""bicycle"",""traffic light""]}",0.330
2026-04-08 23:22:10,904c72c1-6610-4d9a-b75a-b3314317b4a1,Task 3,Urban Street,"{""metadata"":{""episode_id"":""904c72c1-6610-4d9a-b75a-b3314317b4a1""},""decision"":""log_and_continue"",""reasoning"":""confidence is 0.24, proceeding with caution due to low confidence""}",0.000
2026-04-08 23:22:13,12241ab5-6c5a-4fd6-9aa2-f9eda40246a7,Task 1,Parking Lot,"{""metadata"":{""episode_id"":""12241ab5-6c5a-4fd6-9aa2-f9eda40246a7""},""task1_label"":""car""}",1.000
2026-04-08 23:22:13,12241ab5-6c5a-4fd6-9aa2-f9eda40246a7,Task 2,Parking Lot,"{""metadata"":{""episode_id"":""12241ab5-6c5a-4fd6-9aa2-f9eda40246a7""},""ranked_objects"":[""person"",""car"",""parking meter"",""cctv camera""]}",0.650
2026-04-08 23:22:14,12241ab5-6c5a-4fd6-9aa2-f9eda40246a7,Task 3,Parking Lot,"{""metadata"":{""episode_id"":""12241ab5-6c5a-4fd6-9aa2-f9eda40246a7""},""decision"":""discard"",""reasoning"":""confidence is too low at 0.310; cannot trust detection for safety reasons""}",1.000
2026-04-08 23:22:17,021083d3-53aa-4b25-987a-d54494cd08b0,Task 1,School Zone,"{""metadata"":{""episode_id"":""021083d3-53aa-4b25-987a-d54494cd08b0""},""task1_label"":""bus""}",1.000
2026-04-08 23:22:17,021083d3-53aa-4b25-987a-d54494cd08b0,Task 2,School Zone,"{""metadata"":{""episode_id"":""021083d3-53aa-4b25-987a-d54494cd08b0""},""ranked_objects"":[""student"",""bicycle"",""backpack""]}",0.000
2026-04-08 23:22:17,021083d3-53aa-4b25-987a-d54494cd08b0,Task 3,School Zone,"{""metadata"":{""episode_id"":""021083d3-53aa-4b25-987a-d54494cd08b0""},""decision"":""log_and_continue"",""reasoning"":""confidence is 0.38, proceeding with caution""}",0.500
2026-04-08 23:22:20,c1bac08b-162e-4937-ad1f-6792db0a9b71,Task 1,Parking Lot,"{""metadata"":{""episode_id"":""c1bac08b-162e-4937-ad1f-6792db0a9b71""},""task1_label"":""car""}",1.000
2026-04-08 23:22:21,c1bac08b-162e-4937-ad1f-6792db0a9b71,Task 2,Parking Lot,"{""metadata"":{""episode_id"":""c1bac08b-162e-4937-ad1f-6792db0a9b71""},""ranked_objects"":[""person"",""car"",""parking meter"",""cctv camera""]}",0.650
2026-04-08 23:22:21,c1bac08b-162e-4937-ad1f-6792db0a9b71,Task 3,Parking Lot,"{""metadata"":{""episode_id"":""c1bac08b-162e-4937-ad1f-6792db0a9b71""},""decision"":""log_and_continue"",""reasoning"":""confidence is 0.31, proceeding with caution due to uncertainty""}",0.000
2026-04-08 23:22:24,a2887ade-d715-4076-9a59-114d5d841c5f,Task 1,Airport,"{""metadata"":{""episode_id"":""a2887ade-d715-4076-9a59-114d5d841c5f""},""task1_label"":""airplane""}",1.000
2026-04-08 23:22:24,a2887ade-d715-4076-9a59-114d5d841c5f,Task 2,Airport,"{""metadata"":{""episode_id"":""a2887ade-d715-4076-9a59-114d5d841c5f""},""ranked_objects"":[""airplane"",""suitcase"",""boarding gate"",""trolley""]}",1.000
2026-04-08 23:22:25,a2887ade-d715-4076-9a59-114d5d841c5f,Task 3,Airport,"{""metadata"":{""episode_id"":""a2887ade-d715-4076-9a59-114d5d841c5f""},""decision"":""discard"",""reasoning"":""confidence is too low at 0.190 to trust the trolley detection.""}",1.000
2026-04-08 23:22:29,ab52825d-827f-4380-8805-87dc16170a1e,Task 1,Forest Trail,"{""metadata"":{""episode_id"":""ab52825d-827f-4380-8805-87dc16170a1e""},""task1_label"":""hiker""}",1.000
2026-04-08 23:22:29,ab52825d-827f-4380-8805-87dc16170a1e,Task 2,Forest Trail,"{""metadata"":{""episode_id"":""ab52825d-827f-4380-8805-87dc16170a1e""},""ranked_objects"":[""hiker"",""dog"",""backpack"",""tree""]}",1.000
2026-04-08 23:22:29,ab52825d-827f-4380-8805-87dc16170a1e,Task 3,Forest Trail,"{""metadata"":{""episode_id"":""ab52825d-827f-4380-8805-87dc16170a1e""},""decision"":""discard"",""reasoning"":""Low confidence of 0.280 in detecting a dog, which may pose a safety risk if misidentified.""}",1.000
2026-04-08 23:22:33,bf3159c2-1508-4eb7-8097-4ef87bf3597e,Task 1,Forest Trail,"{""metadata"":{""episode_id"":""bf3159c2-1508-4eb7-8097-4ef87bf3597e""},""task1_label"":""hiker""}",1.000
2026-04-08 23:22:33,bf3159c2-1508-4eb7-8097-4ef87bf3597e,Task 2,Forest Trail,"{""metadata"":{""episode_id"":""bf3159c2-1508-4eb7-8097-4ef87bf3597e""},""ranked_objects"":[""hiker"",""dog"",""backpack"",""tree""]}",1.000
2026-04-08 23:22:33,bf3159c2-1508-4eb7-8097-4ef87bf3597e,Task 3,Forest Trail,"{""metadata"":{""episode_id"":""bf3159c2-1508-4eb7-8097-4ef87bf3597e""},""decision"":""discard"",""reasoning"":""confidence is too low at 0.280 to trust the detection of a potential dog.""}",1.000
2026-04-09 08:41:58,76ea76af-ffba-429c-a391-db80b5c5b8c6,Task 1,School Zone,"{""metadata"":{""episode_id"":""76ea76af-ffba-429c-a391-db80b5c5b8c6""},""task1_label"":""bus""}",1.000
2026-04-09 08:41:58,76ea76af-ffba-429c-a391-db80b5c5b8c6,Task 2,School Zone,"{""metadata"":{""episode_id"":""76ea76af-ffba-429c-a391-db80b5c5b8c6""},""ranked_objects"":[""student"",""bicycle"",""backpack"",""bus""]}",1.000
2026-04-09 08:41:58,76ea76af-ffba-429c-a391-db80b5c5b8c6,Task 3,School Zone,"{""metadata"":{""episode_id"":""76ea76af-ffba-429c-a391-db80b5c5b8c6""},""decision"":""request_rescan"",""reasoning"":""confidence of 0.380 is below the threshold for log_and_continue, requiring another scan for safety""}",1.000
2026-04-09 08:42:01,02efabe3-0d92-4f4d-adba-3f5c8a80c1ba,Task 1,Urban Street,"{""metadata"":{""episode_id"":""02efabe3-0d92-4f4d-adba-3f5c8a80c1ba""},""task1_label"":""person""}",1.000
2026-04-09 08:42:01,02efabe3-0d92-4f4d-adba-3f5c8a80c1ba,Task 2,Urban Street,"{""metadata"":{""episode_id"":""02efabe3-0d92-4f4d-adba-3f5c8a80c1ba""},""ranked_objects"":[""car"",""bicycle"",""person"",""traffic light""]}",1.000
2026-04-09 08:42:02,02efabe3-0d92-4f4d-adba-3f5c8a80c1ba,Task 3,Urban Street,"{""metadata"":{""episode_id"":""02efabe3-0d92-4f4d-adba-3f5c8a80c1ba""},""decision"":""discard"",""reasoning"":""confidence of 0.240 is too low to trust""}",1.000
2026-04-09 08:42:05,d0b4e5e2-fbe3-497d-8237-693fe164e952,Task 1,Hospital Entrance,"{""metadata"":{""episode_id"":""d0b4e5e2-fbe3-497d-8237-693fe164e952""},""task1_label"":""ambulance""}",1.000
2026-04-09 08:42:05,d0b4e5e2-fbe3-497d-8237-693fe164e952,Task 2,Hospital Entrance,"{""metadata"":{""episode_id"":""d0b4e5e2-fbe3-497d-8237-693fe164e952""},""ranked_objects"":[""person"",""ambulance"",""wheelchair"",""stretcher""]}",1.000
2026-04-09 08:42:05,d0b4e5e2-fbe3-497d-8237-693fe164e952,Task 3,Hospital Entrance,"{""metadata"":{""episode_id"":""d0b4e5e2-fbe3-497d-8237-693fe164e952""},""decision"":""log_and_continue"",""reasoning"":""confidence of 0.510 is above the threshold, proceeding with caution""}",1.000
2026-04-09 08:42:54,1c4bd9c1-cee3-40e0-bb56-63bfba6813ef,Task 1,Construction Site,"{""metadata"":{""episode_id"":""1c4bd9c1-cee3-40e0-bb56-63bfba6813ef""},""task1_label"":""helmet""}",1.000
2026-04-09 08:42:54,1c4bd9c1-cee3-40e0-bb56-63bfba6813ef,Task 2,Construction Site,"{""metadata"":{""episode_id"":""1c4bd9c1-cee3-40e0-bb56-63bfba6813ef""},""ranked_objects"":[""worker"",""excavator"",""crane"",""helmet""]}",1.000
2026-04-09 08:42:55,1c4bd9c1-cee3-40e0-bb56-63bfba6813ef,Task 3,Construction Site,"{""metadata"":{""episode_id"":""1c4bd9c1-cee3-40e0-bb56-63bfba6813ef""},""decision"":""request_rescan"",""reasoning"":""confidence of 0.440 is below the threshold for acceptance, requiring another sensor pass for verification""}",1.000
2026-04-09 08:42:58,12762cb7-5108-446e-9bfb-3d9dab52b92b,Task 1,Shopping Mall,"{""metadata"":{""episode_id"":""12762cb7-5108-446e-9bfb-3d9dab52b92b""},""task1_label"":""shopping bag""}",1.000
2026-04-09 08:42:58,12762cb7-5108-446e-9bfb-3d9dab52b92b,Task 2,Shopping Mall,"{""metadata"":{""episode_id"":""12762cb7-5108-446e-9bfb-3d9dab52b92b""},""ranked_objects"":[""person"",""escalator"",""shopping bag"",""cctv camera""]}",1.000
2026-04-09 08:42:58,12762cb7-5108-446e-9bfb-3d9dab52b92b,Task 3,Shopping Mall,"{""metadata"":{""episode_id"":""12762cb7-5108-446e-9bfb-3d9dab52b92b""},""decision"":""log_and_continue"",""reasoning"":""confidence of 0.460 is above the threshold, proceeding with caution""}",0.500
2026-04-09 08:43:02,5b23fc01-793b-4b0a-a919-b25863bb321d,Task 1,Night Street,"{""metadata"":{""episode_id"":""5b23fc01-793b-4b0a-a919-b25863bb321d""},""task1_label"":""streetlight""}",1.000
2026-04-09 08:43:02,5b23fc01-793b-4b0a-a919-b25863bb321d,Task 2,Night Street,"{""metadata"":{""episode_id"":""5b23fc01-793b-4b0a-a919-b25863bb321d""},""ranked_objects"":[""motorcycle"",""person"",""fire hydrant"",""streetlight""]}",1.000
2026-04-09 08:43:02,5b23fc01-793b-4b0a-a919-b25863bb321d,Task 3,Night Street,"{""metadata"":{""episode_id"":""5b23fc01-793b-4b0a-a919-b25863bb321d""},""decision"":""discard"",""reasoning"":""confidence of 0.210 is too low to trust""}",1.000
2026-04-09 08:45:06,dc8bcd53-0701-47f4-99db-8a8eb6b4dcd9,Task 1,Rainy Street,"{""metadata"":{""episode_id"":""dc8bcd53-0701-47f4-99db-8a8eb6b4dcd9""},""task1_label"":""person""}",0.200
2026-04-09 08:45:06,dc8bcd53-0701-47f4-99db-8a8eb6b4dcd9,Task 2,Rainy Street,"{""metadata"":{""episode_id"":""dc8bcd53-0701-47f4-99db-8a8eb6b4dcd9""},""ranked_objects"":[""bus"",""car"",""person"",""umbrella""]}",1.000
2026-04-09 08:45:06,dc8bcd53-0701-47f4-99db-8a8eb6b4dcd9,Task 3,Rainy Street,"{""metadata"":{""episode_id"":""dc8bcd53-0701-47f4-99db-8a8eb6b4dcd9""},""decision"":""request_rescan"",""reasoning"":""confidence of 0.380 is below the threshold for logging and continuing, requiring another sensor pass for verification""}",1.000
2026-04-09 08:45:09,821b5fe6-6a02-416a-b7b7-5efedf7d29cd,Task 1,Shopping Mall,"{""metadata"":{""episode_id"":""821b5fe6-6a02-416a-b7b7-5efedf7d29cd""},""task1_label"":""shopping bag""}",1.000
2026-04-09 08:45:10,821b5fe6-6a02-416a-b7b7-5efedf7d29cd,Task 2,Shopping Mall,"{""metadata"":{""episode_id"":""821b5fe6-6a02-416a-b7b7-5efedf7d29cd""},""ranked_objects"":[""person"",""escalator"",""shopping bag"",""cctv camera""]}",1.000
2026-04-09 08:45:10,821b5fe6-6a02-416a-b7b7-5efedf7d29cd,Task 3,Shopping Mall,"{""metadata"":{""episode_id"":""821b5fe6-6a02-416a-b7b7-5efedf7d29cd""},""decision"":""log_and_continue"",""reasoning"":""confidence of 0.460 is above the threshold, proceeding with caution""}",0.500
2026-04-09 08:45:13,175ac097-2887-424c-aa62-aac9cbe3d8e6,Task 1,Construction Site,"{""metadata"":{""episode_id"":""175ac097-2887-424c-aa62-aac9cbe3d8e6""},""task1_label"":""helmet""}",1.000
2026-04-09 08:45:14,175ac097-2887-424c-aa62-aac9cbe3d8e6,Task 2,Construction Site,"{""metadata"":{""episode_id"":""175ac097-2887-424c-aa62-aac9cbe3d8e6""},""ranked_objects"":[""worker"",""excavator"",""crane"",""helmet""]}",1.000
2026-04-09 08:45:14,175ac097-2887-424c-aa62-aac9cbe3d8e6,Task 3,Construction Site,"{""metadata"":{""episode_id"":""175ac097-2887-424c-aa62-aac9cbe3d8e6""},""decision"":""request_rescan"",""reasoning"":""confidence of 0.440 is below the threshold for logging and continuing, requiring another sensor pass for confirmation""}",1.000
2026-04-09 08:45:17,099863ef-7aaf-468c-930a-73a67f5a59f1,Task 1,Construction Site,"{""metadata"":{""episode_id"":""099863ef-7aaf-468c-930a-73a67f5a59f1""},""task1_label"":""helmet""}",1.000
2026-04-09 08:45:17,099863ef-7aaf-468c-930a-73a67f5a59f1,Task 2,Construction Site,"{""metadata"":{""episode_id"":""099863ef-7aaf-468c-930a-73a67f5a59f1""},""ranked_objects"":[""worker"",""excavator"",""crane"",""helmet""]}",1.000
2026-04-09 08:45:17,099863ef-7aaf-468c-930a-73a67f5a59f1,Task 3,Construction Site,"{""metadata"":{""episode_id"":""099863ef-7aaf-468c-930a-73a67f5a59f1""},""decision"":""request_rescan"",""reasoning"":""confidence of 0.440 is below the threshold for reliable detection""}",1.000
2026-04-09 08:45:20,e39ea349-b306-4378-a838-c588f0340a4e,Task 1,Rainy Street,"{""metadata"":{""episode_id"":""e39ea349-b306-4378-a838-c588f0340a4e""},""task1_label"":""person""}",0.200
2026-04-09 08:45:21,e39ea349-b306-4378-a838-c588f0340a4e,Task 2,Rainy Street,"{""metadata"":{""episode_id"":""e39ea349-b306-4378-a838-c588f0340a4e""},""ranked_objects"":[""bus"",""car"",""person"",""umbrella""]}",1.000
2026-04-09 08:45:21,e39ea349-b306-4378-a838-c588f0340a4e,Task 3,Rainy Street,"{""metadata"":{""episode_id"":""e39ea349-b306-4378-a838-c588f0340a4e""},""decision"":""request_rescan"",""reasoning"":""confidence of 0.380 is below the threshold for logging and continuing, requiring another sensor pass for verification""}",1.000
2026-04-09 08:45:24,599d7f44-db14-4025-901b-03809d50e61a,Task 1,Construction Site,"{""metadata"":{""episode_id"":""599d7f44-db14-4025-901b-03809d50e61a""},""task1_label"":""helmet""}",1.000
2026-04-09 08:45:24,599d7f44-db14-4025-901b-03809d50e61a,Task 2,Construction Site,"{""metadata"":{""episode_id"":""599d7f44-db14-4025-901b-03809d50e61a""},""ranked_objects"":[""worker"",""excavator"",""crane"",""helmet""]}",1.000
2026-04-09 08:45:24,599d7f44-db14-4025-901b-03809d50e61a,Task 3,Construction Site,"{""metadata"":{""episode_id"":""599d7f44-db14-4025-901b-03809d50e61a""},""decision"":""request_rescan"",""reasoning"":""confidence of 0.440 is below the threshold for reliable detection""}",1.000
2026-04-09 08:45:28,5813b584-32fc-4fd0-a18a-59662efc10c7,Task 1,Shopping Mall,"{""metadata"":{""episode_id"":""5813b584-32fc-4fd0-a18a-59662efc10c7""},""task1_label"":""shopping bag""}",1.000
2026-04-09 08:45:28,5813b584-32fc-4fd0-a18a-59662efc10c7,Task 2,Shopping Mall,"{""metadata"":{""episode_id"":""5813b584-32fc-4fd0-a18a-59662efc10c7""},""ranked_objects"":[""person"",""escalator"",""shopping bag"",""cctv camera""]}",1.000
2026-04-09 08:45:28,5813b584-32fc-4fd0-a18a-59662efc10c7,Task 3,Shopping Mall,"{""metadata"":{""episode_id"":""5813b584-32fc-4fd0-a18a-59662efc10c7""},""decision"":""log_and_continue"",""reasoning"":""confidence of 0.460 is above the threshold, proceeding with caution""}",0.500
2026-04-09 08:45:31,3f3162d9-ce2a-4e65-804a-f2669bf5c93f,Task 1,Shopping Mall,"{""metadata"":{""episode_id"":""3f3162d9-ce2a-4e65-804a-f2669bf5c93f""},""task1_label"":""shopping bag""}",1.000
2026-04-09 08:45:31,3f3162d9-ce2a-4e65-804a-f2669bf5c93f,Task 2,Shopping Mall,"{""metadata"":{""episode_id"":""3f3162d9-ce2a-4e65-804a-f2669bf5c93f""},""ranked_objects"":[""person"",""escalator"",""shopping bag"",""cctv camera""]}",1.000
2026-04-09 08:45:31,3f3162d9-ce2a-4e65-804a-f2669bf5c93f,Task 3,Shopping Mall,"{""metadata"":{""episode_id"":""3f3162d9-ce2a-4e65-804a-f2669bf5c93f""},""decision"":""log_and_continue"",""reasoning"":""confidence of 0.460 is above the threshold, proceeding with caution""}",0.500
2026-04-09 08:45:35,efe66038-1343-404a-849d-2cd52b2177c6,Task 1,Night Street,"{""metadata"":{""episode_id"":""efe66038-1343-404a-849d-2cd52b2177c6""},""task1_label"":""streetlight""}",1.000
2026-04-09 08:45:35,efe66038-1343-404a-849d-2cd52b2177c6,Task 2,Night Street,"{""metadata"":{""episode_id"":""efe66038-1343-404a-849d-2cd52b2177c6""},""ranked_objects"":[""motorcycle"",""person"",""fire hydrant"",""streetlight""]}",1.000
2026-04-09 08:45:35,efe66038-1343-404a-849d-2cd52b2177c6,Task 3,Night Street,"{""metadata"":{""episode_id"":""efe66038-1343-404a-849d-2cd52b2177c6""},""decision"":""discard"",""reasoning"":""confidence of 0.210 is too low to trust""}",1.000
2026-04-09 08:45:38,d2f10986-756d-4ff6-99ad-1145828fdcc3,Task 1,Night Street,"{""metadata"":{""episode_id"":""d2f10986-756d-4ff6-99ad-1145828fdcc3""},""task1_label"":""streetlight""}",1.000
2026-04-09 08:45:38,d2f10986-756d-4ff6-99ad-1145828fdcc3,Task 2,Night Street,"{""metadata"":{""episode_id"":""d2f10986-756d-4ff6-99ad-1145828fdcc3""},""ranked_objects"":[""motorcycle"",""person"",""fire hydrant"",""streetlight""]}",1.000
2026-04-09 08:45:38,d2f10986-756d-4ff6-99ad-1145828fdcc3,Task 3,Night Street,"{""metadata"":{""episode_id"":""d2f10986-756d-4ff6-99ad-1145828fdcc3""},""decision"":""discard"",""reasoning"":""confidence of 0.210 is below the threshold""}",1.000
